participants,Round 0 - Deceptive Points,Round 0 - Find Brain Tumors,Round 0 - Latent Model Classification,Round 1 - The Defected Nuts,Round 1 - Autocorrect,Round 1 - Is that audio?,Round 2 - Essay Gap,Round 2 - Audio Demixing,Round 2 - Face Matching,Round 3 - Drawn Apart,Round 3 - Sound of Nature,Round 3 - Morty's Time Paradox,Round 4 - Sticky Note Blindness,Round 4 - Alchemy,Round 4 - Extreme Condensation,Round 5 - Watermark Removal,Round 5 - Lost Interpreter,Round 5 - Visual Relations,Round 6 - Classifier Classifier,Round 6 - Massive Problem,Round 6 - Nuclei Reconstruction,Round 7 - Polarity,Round 7 - Oriented Ship,Round 7 - Scientific Facts,Round 9 - Word Lookups,Round 9 - Buried Fault,Round 9 - Shuffled,Round 10 - What I Want and What I Don't,Round 10 - Inverse Translation,Round 10 - Moment Match
task leaderboard links,https://www.kaggle.com/competitions/deceptive-points-aicc-round-0/leaderboard,https://www.kaggle.com/competitions/aicc-round-0-brain-tumor/leaderboard,https://www.kaggle.com/competitions/latent-model-classification-aicc-round-0/leaderboard,https://www.kaggle.com/competitions/the-defected-nuts-aicc-round-1-2/leaderboard,https://www.kaggle.com/competitions/autocorrect-aicc-round-1-2/leaderboard,https://www.kaggle.com/competitions/is-that-audio-aicc-round-1-2/leaderboard,https://www.kaggle.com/competitions/essay-gap-aicc-round-2/leaderboard,https://www.kaggle.com/competitions/audio-demixing-aicc-round-2/leaderboard,https://www.kaggle.com/competitions/face-matching-aicc-round-2/leaderboard,https://www.kaggle.com/competitions/drawn-apart-aicc-round-3/leaderboard,https://www.kaggle.com/competitions/sound-of-nature-aicc-round-3/leaderboard,https://www.kaggle.com/competitions/mortys-time-paradox-aicc-round-3/leaderboard,https://www.kaggle.com/competitions/sticky-note-blindness-aicc-round-4/leaderboard,https://www.kaggle.com/competitions/alchemy-aicc-round-4/leaderboard,https://www.kaggle.com/competitions/extreme-condensation-aicc-round-4/leaderboard,https://www.kaggle.com/competitions/watermark-removal-aicc-round-5/leaderboard,https://www.kaggle.com/competitions/lost-interpreter-aicc-round-5/leaderboard,https://www.kaggle.com/competitions/visual-relations-aicc-round-5/leaderboard,https://www.kaggle.com/competitions/classifier-classifier-aicc-round-6/leaderboard,https://www.kaggle.com/competitions/massive-problem-aicc-round-6/leaderboard,https://www.kaggle.com/competitions/nuclei-reconstruction-aicc-round-6/leaderboard,https://www.kaggle.com/competitions/polarity-aicc-round-7/leaderboard,https://www.kaggle.com/competitions/oriented-ship-aicc-round-7/leaderboard,https://www.kaggle.com/competitions/scientific-facts-aicc-round-7/leaderboard,https://www.kaggle.com/competitions/aicc-round-9-word-lookups/leaderboard,https://www.kaggle.com/competitions/buried-fault-aicc-round-9/leaderboard,https://www.kaggle.com/competitions/shuffled-aicc-round-9/leaderboard,https://www.kaggle.com/competitions/what-i-want-and-what-i-dont-aicc-round-10/leaderboard,https://www.kaggle.com/competitions/inverse-translation-aicc-round-10/leaderboard,https://www.kaggle.com/competitions/moment-match-aicc-round-10/leaderboard
reference score,0.065,0.78010,0.988,0.7485,0.0966,0.7551,0.96150,0.03461,0.83722,0.4938,0.75485,0.9946,0.9195,0.6571,0.2980,28.01444,20.0716,0.1663,1.0000,0.3811,0.59403,0.9008,0.8765,0.788,0.8786,0.7306,1.0000,0.9412,100.0000,0.6710
baseline score,60.298,0.37142,0.484,0.7485,0.0966,0.7551,0.10000,0.03461,0.17792,0.3948,0.02222,0.2173,0.4712,0.0857,0.0560,281.35800,44.5200,0.0037,0.1916,0.2299,0.15272,0.4728,0.1287,0.516,0.7842,0.0863,0.0150,0.6666,7.5456,0.4578
abdullahshafi2021,NaN,NaN,NaN,NaN,NaN,NaN,NaN,NaN,NaN,NaN,NaN,NaN,NaN,NaN,NaN,NaN,NaN,NaN,NaN,NaN,NaN,NaN,NaN,NaN,0.7842,0.0948,0.0150,NaN,NaN,NaN
abhisheek4268,NaN,NaN,NaN,NaN,NaN,NaN,NaN,NaN,NaN,NaN,NaN,0.2173,NaN,NaN,NaN,NaN,NaN,NaN,NaN,NaN,NaN,NaN,NaN,NaN,NaN,NaN,NaN,NaN,NaN,NaN
aboubacardiarra1810,NaN,NaN,NaN,NaN,NaN,NaN,NaN,NaN,NaN,NaN,NaN,NaN,NaN,NaN,NaN,NaN,NaN,NaN,NaN,NaN,NaN,0.3261,0.1659,0.590,0.7178,0.0938,0.0375,0.6666,NaN,NaN
abukanabek,NaN,NaN,NaN,NaN,NaN,NaN,NaN,NaN,NaN,NaN,NaN,NaN,NaN,NaN,0.1440,NaN,NaN,NaN,NaN,NaN,NaN,0.4889,NaN,NaN,NaN,NaN,NaN,NaN,NaN,NaN
adibfirstofhisname,NaN,NaN,NaN,NaN,NaN,NaN,NaN,NaN,NaN,NaN,NaN,NaN,NaN,NaN,NaN,NaN,15.9972,NaN,NaN,0.4513,NaN,0.7402,NaN,NaN,NaN,NaN,NaN,NaN,NaN,NaN
ahihi1234,NaN,NaN,NaN,NaN,NaN,NaN,NaN,NaN,NaN,NaN,NaN,NaN,NaN,NaN,NaN,NaN,NaN,NaN,NaN,NaN,NaN,NaN,NaN,NaN,0.9123,0.2026,1.0000,NaN,NaN,NaN
ahnafmuhtasim,NaN,NaN,NaN,0.7533,NaN,NaN,NaN,NaN,NaN,NaN,NaN,NaN,NaN,NaN,NaN,NaN,NaN,NaN,NaN,NaN,NaN,NaN,NaN,NaN,NaN,NaN,NaN,NaN,NaN,NaN
aithbb,NaN,NaN,NaN,NaN,NaN,NaN,NaN,NaN,NaN,NaN,NaN,NaN,0.5747,0.0000,0.0640,NaN,NaN,NaN,0.1771,NaN,NaN,0.7413,0.4991,0.765,0.8908,0.0999,0.2857,NaN,NaN,NaN
aleksandarslavov4,NaN,NaN,NaN,NaN,NaN,NaN,NaN,NaN,NaN,NaN,NaN,NaN,NaN,NaN,NaN,NaN,NaN,NaN,NaN,NaN,NaN,NaN,NaN,NaN,0.8925,NaN,NaN,NaN,NaN,NaN
andreim42,NaN,NaN,NaN,NaN,NaN,NaN,NaN,NaN,NaN,NaN,NaN,NaN,NaN,NaN,NaN,NaN,NaN,NaN,0.8530,0.2556,0.46876,NaN,NaN,NaN,NaN,NaN,NaN,NaN,NaN,NaN
andriaakofovi,NaN,NaN,NaN,NaN,NaN,NaN,NaN,NaN,NaN,NaN,NaN,NaN,NaN,NaN,NaN,NaN,NaN,NaN,1.0000,NaN,NaN,0.5889,NaN,NaN,NaN,NaN,NaN,NaN,NaN,NaN
andriishobotenko,NaN,NaN,NaN,NaN,NaN,NaN,NaN,NaN,NaN,NaN,NaN,NaN,NaN,NaN,NaN,NaN,NaN,NaN,NaN,NaN,NaN,NaN,NaN,NaN,NaN,0.2111,NaN,NaN,NaN,NaN
andriybill,NaN,NaN,NaN,NaN,NaN,NaN,NaN,NaN,NaN,NaN,NaN,NaN,NaN,NaN,NaN,NaN,NaN,NaN,NaN,NaN,NaN,NaN,NaN,NaN,NaN,NaN,NaN,0.8207,7.7229,0.4934
antoningorokva,0.293,0.18240,NaN,NaN,NaN,NaN,NaN,NaN,NaN,NaN,NaN,NaN,NaN,NaN,NaN,NaN,NaN,NaN,NaN,NaN,NaN,NaN,0.7681,NaN,NaN,NaN,NaN,NaN,NaN,NaN
apollo199999999,17.774,0.66929,0.569,NaN,NaN,NaN,NaN,NaN,NaN,NaN,NaN,NaN,NaN,NaN,NaN,NaN,NaN,NaN,NaN,NaN,NaN,NaN,NaN,NaN,NaN,NaN,NaN,NaN,NaN,NaN
archexistence,NaN,NaN,NaN,NaN,NaN,NaN,NaN,NaN,0.71737,0.2545,NaN,NaN,NaN,NaN,NaN,NaN,NaN,NaN,NaN,NaN,NaN,NaN,NaN,NaN,NaN,NaN,NaN,NaN,NaN,NaN
arnurartyqbay,NaN,NaN,NaN,NaN,NaN,NaN,NaN,NaN,NaN,NaN,NaN,NaN,NaN,NaN,NaN,NaN,NaN,NaN,NaN,NaN,NaN,NaN,NaN,NaN,NaN,NaN,NaN,0.8429,NaN,NaN
atommax,58.521,0.16162,0.563,NaN,NaN,NaN,NaN,NaN,NaN,NaN,NaN,NaN,0.7758,0.1428,0.1880,NaN,NaN,NaN,NaN,NaN,NaN,NaN,NaN,NaN,NaN,NaN,NaN,NaN,NaN,NaN
avnermlim,NaN,NaN,NaN,NaN,NaN,NaN,NaN,NaN,NaN,NaN,NaN,NaN,NaN,NaN,NaN,NaN,NaN,NaN,NaN,NaN,NaN,NaN,NaN,NaN,0.8816,NaN,NaN,NaN,NaN,NaN
ayanzeeshan11,NaN,NaN,NaN,NaN,NaN,NaN,NaN,NaN,NaN,NaN,NaN,NaN,NaN,NaN,NaN,NaN,NaN,NaN,NaN,NaN,NaN,NaN,NaN,NaN,NaN,NaN,NaN,0.6666,18.1134,0.4639
bachnguyendinh,NaN,NaN,NaN,NaN,NaN,NaN,NaN,NaN,NaN,NaN,NaN,NaN,NaN,NaN,NaN,NaN,NaN,NaN,NaN,0.3394,NaN,NaN,NaN,NaN,NaN,NaN,NaN,NaN,NaN,NaN
baidalinadilzhan,NaN,NaN,NaN,0.7485,NaN,NaN,0.96291,0.00725,0.79834,0.6546,0.78659,0.9946,0.8448,0.5714,0.1780,26.67287,26.7504,0.1263,NaN,NaN,NaN,NaN,NaN,NaN,NaN,0.0888,0.0150,NaN,NaN,NaN
balint46,NaN,NaN,NaN,NaN,NaN,NaN,NaN,NaN,NaN,NaN,NaN,0.2600,NaN,NaN,NaN,NaN,47.1280,NaN,0.8811,0.3984,NaN,0.5421,0.2499,NaN,0.8788,NaN,0.0075,NaN,NaN,NaN
bartoszkasyna,1.487,0.72992,0.929,0.9650,0.0895,0.7551,NaN,NaN,0.87056,NaN,NaN,NaN,NaN,NaN,NaN,NaN,NaN,NaN,NaN,NaN,NaN,NaN,NaN,NaN,NaN,NaN,NaN,NaN,NaN,NaN
bartosztrojan,NaN,NaN,NaN,NaN,NaN,NaN,NaN,NaN,NaN,NaN,NaN,NaN,NaN,NaN,0.1000,NaN,NaN,NaN,NaN,NaN,NaN,NaN,NaN,NaN,NaN,NaN,NaN,NaN,NaN,NaN
benight,NaN,NaN,NaN,NaN,NaN,NaN,NaN,NaN,NaN,NaN,NaN,NaN,NaN,NaN,NaN,NaN,NaN,NaN,NaN,NaN,NaN,0.6559,NaN,NaN,NaN,NaN,NaN,NaN,NaN,NaN
binminh01,NaN,NaN,NaN,NaN,NaN,NaN,NaN,NaN,NaN,NaN,NaN,NaN,NaN,NaN,NaN,NaN,NaN,NaN,0.8856,NaN,0.40911,NaN,NaN,NaN,NaN,NaN,NaN,NaN,NaN,NaN
brostommk,NaN,NaN,NaN,NaN,NaN,NaN,NaN,NaN,NaN,NaN,NaN,NaN,NaN,NaN,NaN,NaN,NaN,NaN,NaN,NaN,NaN,0.5320,0.1253,0.712,0.7842,NaN,NaN,NaN,NaN,NaN
bruhbruh69,NaN,NaN,NaN,NaN,NaN,NaN,NaN,NaN,NaN,NaN,NaN,NaN,NaN,NaN,NaN,NaN,NaN,NaN,NaN,0.2986,NaN,NaN,NaN,NaN,NaN,NaN,NaN,NaN,NaN,NaN
budzajantoni,NaN,0.37142,NaN,NaN,NaN,NaN,NaN,NaN,NaN,NaN,NaN,NaN,NaN,NaN,NaN,NaN,NaN,NaN,NaN,NaN,NaN,NaN,NaN,NaN,NaN,NaN,NaN,NaN,NaN,NaN
carsoncheng,18.144,0.26307,0.897,0.8156,0.0878,0.7755,0.93820,0.01035,0.63863,NaN,0.55689,0.2760,0.8850,0.4571,0.1440,17.08780,17.3022,0.0133,0.9021,0.2805,0.48764,NaN,NaN,NaN,NaN,NaN,NaN,NaN,NaN,0.4852
chilldude99,0.012,0.79590,0.987,NaN,NaN,NaN,NaN,NaN,NaN,NaN,NaN,NaN,NaN,NaN,NaN,NaN,NaN,NaN,NaN,NaN,NaN,NaN,NaN,NaN,NaN,NaN,NaN,NaN,NaN,NaN
chillix,NaN,NaN,NaN,NaN,NaN,NaN,NaN,NaN,NaN,NaN,NaN,NaN,NaN,NaN,NaN,NaN,15.8295,NaN,NaN,NaN,NaN,NaN,NaN,NaN,NaN,NaN,NaN,NaN,NaN,NaN
clovix,NaN,NaN,NaN,NaN,NaN,NaN,NaN,NaN,NaN,NaN,NaN,NaN,NaN,NaN,NaN,NaN,NaN,NaN,0.4955,0.1950,0.18560,NaN,NaN,NaN,NaN,NaN,NaN,NaN,NaN,NaN
danielro26,NaN,NaN,NaN,NaN,NaN,NaN,NaN,NaN,NaN,NaN,NaN,NaN,NaN,0.5142,NaN,NaN,NaN,NaN,NaN,NaN,NaN,NaN,NaN,NaN,NaN,NaN,NaN,NaN,NaN,NaN
daniiljarykaou,NaN,NaN,NaN,NaN,NaN,NaN,NaN,NaN,NaN,NaN,NaN,NaN,NaN,NaN,NaN,NaN,NaN,NaN,NaN,NaN,0.53884,NaN,NaN,NaN,NaN,NaN,NaN,NaN,NaN,NaN
daralasserre,NaN,NaN,NaN,NaN,NaN,NaN,NaN,NaN,NaN,NaN,NaN,NaN,NaN,NaN,NaN,NaN,NaN,NaN,0.8488,NaN,0.44589,NaN,NaN,NaN,NaN,NaN,NaN,NaN,NaN,NaN
darksunnp,NaN,NaN,NaN,NaN,NaN,NaN,NaN,NaN,NaN,NaN,NaN,NaN,NaN,NaN,NaN,NaN,NaN,NaN,NaN,NaN,NaN,NaN,NaN,NaN,NaN,0.0967,NaN,NaN,NaN,NaN
david23200,13.562,NaN,NaN,NaN,NaN,NaN,NaN,NaN,NaN,NaN,NaN,NaN,NaN,NaN,NaN,NaN,NaN,NaN,NaN,NaN,NaN,NaN,NaN,NaN,NaN,NaN,NaN,NaN,NaN,NaN
davidgeorgescu,NaN,NaN,NaN,NaN,NaN,NaN,NaN,NaN,NaN,NaN,NaN,NaN,NaN,NaN,NaN,NaN,NaN,NaN,NaN,NaN,NaN,NaN,NaN,NaN,NaN,NaN,NaN,0.7050,NaN,NaN
del=22eb0e6bec6e49c3,NaN,NaN,NaN,NaN,NaN,0.7551,NaN,NaN,NaN,NaN,NaN,NaN,NaN,NaN,NaN,NaN,NaN,NaN,NaN,NaN,NaN,NaN,NaN,NaN,NaN,NaN,NaN,NaN,NaN,NaN
del=306044f8e3eb5f11,NaN,NaN,NaN,NaN,NaN,NaN,NaN,NaN,NaN,NaN,NaN,NaN,NaN,NaN,0.0980,NaN,NaN,NaN,NaN,NaN,NaN,NaN,NaN,NaN,NaN,NaN,NaN,NaN,NaN,NaN
del=a81703d14e441b1a,0.702,NaN,NaN,NaN,NaN,NaN,NaN,NaN,NaN,NaN,NaN,NaN,NaN,NaN,NaN,NaN,NaN,NaN,NaN,NaN,NaN,NaN,NaN,NaN,NaN,NaN,NaN,NaN,NaN,NaN
desertfox88,0.574,0.68913,0.988,NaN,NaN,NaN,NaN,NaN,NaN,0.6122,NaN,NaN,0.7701,0.3714,0.1180,NaN,NaN,NaN,NaN,NaN,NaN,NaN,NaN,NaN,0.8380,0.0888,NaN,NaN,NaN,NaN
draido,NaN,NaN,NaN,NaN,NaN,NaN,NaN,NaN,NaN,NaN,NaN,NaN,NaN,NaN,NaN,NaN,NaN,NaN,NaN,NaN,NaN,NaN,NaN,NaN,0.8474,NaN,NaN,NaN,NaN,NaN
ducknf,NaN,NaN,NaN,NaN,NaN,NaN,NaN,NaN,NaN,NaN,NaN,NaN,NaN,NaN,NaN,NaN,NaN,NaN,0.9672,0.4546,0.68723,NaN,0.1368,NaN,NaN,NaN,NaN,NaN,NaN,NaN
electomis,0.550,0.22506,0.988,0.7485,NaN,NaN,NaN,NaN,0.15411,NaN,NaN,NaN,NaN,NaN,NaN,NaN,NaN,NaN,NaN,NaN,NaN,NaN,NaN,NaN,NaN,NaN,NaN,NaN,NaN,NaN
eliottlambert,NaN,NaN,NaN,NaN,NaN,NaN,NaN,NaN,NaN,NaN,NaN,NaN,NaN,NaN,NaN,NaN,NaN,NaN,NaN,NaN,0.59611,NaN,NaN,NaN,NaN,NaN,NaN,NaN,NaN,NaN
ellisonmatthewang,NaN,NaN,NaN,NaN,NaN,NaN,NaN,NaN,NaN,NaN,NaN,NaN,NaN,NaN,NaN,NaN,NaN,NaN,NaN,NaN,NaN,NaN,NaN,NaN,NaN,0.0896,NaN,NaN,NaN,0.5390
eralygainulla,NaN,NaN,NaN,NaN,0.1686,NaN,0.87525,NaN,NaN,NaN,NaN,NaN,NaN,NaN,NaN,NaN,NaN,NaN,NaN,NaN,NaN,NaN,NaN,NaN,NaN,NaN,NaN,NaN,NaN,NaN
erkhesunentugs,24.618,NaN,NaN,NaN,NaN,0.7551,NaN,NaN,NaN,NaN,NaN,NaN,0.5402,0.1142,NaN,NaN,NaN,0.0041,NaN,0.1922,NaN,NaN,NaN,NaN,NaN,0.1636,NaN,NaN,NaN,NaN
euclyde,NaN,NaN,NaN,NaN,NaN,NaN,NaN,NaN,NaN,NaN,NaN,NaN,NaN,NaN,NaN,NaN,NaN,NaN,0.8812,0.2297,0.48123,NaN,NaN,NaN,NaN,NaN,NaN,NaN,NaN,NaN
franciszekparma,20.086,NaN,NaN,NaN,NaN,0.7551,NaN,NaN,NaN,NaN,NaN,NaN,NaN,NaN,NaN,NaN,NaN,NaN,NaN,NaN,NaN,NaN,NaN,NaN,NaN,NaN,NaN,NaN,NaN,NaN
georgenikolis,NaN,NaN,NaN,NaN,NaN,NaN,NaN,NaN,NaN,NaN,0.78289,NaN,NaN,NaN,NaN,NaN,NaN,NaN,NaN,NaN,NaN,0.5365,NaN,0.597,NaN,NaN,NaN,NaN,NaN,NaN
gheorghicaexc6,0.051,NaN,NaN,NaN,NaN,NaN,NaN,NaN,NaN,NaN,NaN,NaN,NaN,NaN,NaN,NaN,NaN,NaN,NaN,NaN,NaN,NaN,NaN,NaN,NaN,NaN,NaN,NaN,NaN,NaN
hagiabaoo,NaN,NaN,NaN,NaN,NaN,NaN,NaN,NaN,NaN,NaN,NaN,NaN,NaN,NaN,NaN,NaN,NaN,NaN,1.0000,0.4165,0.60526,NaN,NaN,NaN,NaN,NaN,NaN,NaN,NaN,NaN
hassnainzaidi,NaN,NaN,NaN,NaN,NaN,NaN,NaN,NaN,NaN,NaN,0.91499,NaN,NaN,NaN,NaN,NaN,NaN,NaN,NaN,NaN,NaN,NaN,NaN,NaN,NaN,NaN,NaN,NaN,NaN,NaN
helikopterbojowy,1.264,NaN,NaN,0.3769,NaN,NaN,NaN,NaN,NaN,NaN,NaN,NaN,NaN,NaN,NaN,NaN,NaN,NaN,NaN,NaN,NaN,NaN,NaN,NaN,NaN,NaN,NaN,NaN,NaN,NaN
hiizanyi,0.636,0.53679,NaN,NaN,NaN,NaN,NaN,NaN,NaN,NaN,NaN,NaN,NaN,NaN,NaN,NaN,NaN,NaN,NaN,NaN,NaN,NaN,NaN,NaN,NaN,NaN,NaN,NaN,NaN,NaN
hmnshudhmn24,NaN,NaN,NaN,NaN,NaN,NaN,NaN,NaN,NaN,0.4003,0.50639,0.2840,NaN,NaN,NaN,285.50094,41.5176,0.0565,NaN,NaN,NaN,NaN,NaN,NaN,NaN,0.0308,NaN,NaN,NaN,NaN
holyfoxllm,NaN,NaN,NaN,NaN,NaN,NaN,NaN,NaN,NaN,NaN,NaN,NaN,NaN,NaN,NaN,NaN,NaN,NaN,NaN,NaN,NaN,0.5363,NaN,0.823,NaN,NaN,NaN,NaN,NaN,NaN
hostilien,NaN,NaN,NaN,NaN,NaN,NaN,NaN,NaN,NaN,NaN,NaN,NaN,NaN,NaN,NaN,NaN,NaN,NaN,0.8299,NaN,0.29313,NaN,NaN,NaN,NaN,NaN,NaN,NaN,NaN,NaN
itssleepysaad,NaN,0.60894,NaN,NaN,NaN,NaN,NaN,NaN,NaN,NaN,NaN,NaN,NaN,NaN,NaN,NaN,NaN,NaN,NaN,NaN,NaN,NaN,NaN,NaN,NaN,NaN,NaN,NaN,NaN,NaN
jackofall718,NaN,NaN,NaN,NaN,NaN,NaN,NaN,NaN,NaN,NaN,NaN,NaN,NaN,NaN,NaN,NaN,NaN,NaN,NaN,NaN,NaN,NaN,NaN,0.670,NaN,NaN,NaN,NaN,NaN,NaN
jasonkarpeles,NaN,NaN,NaN,NaN,NaN,NaN,NaN,NaN,NaN,NaN,NaN,0.2920,NaN,NaN,NaN,NaN,NaN,NaN,NaN,NaN,NaN,NaN,NaN,NaN,NaN,NaN,NaN,NaN,NaN,NaN
jerrry123,NaN,NaN,NaN,NaN,NaN,NaN,NaN,NaN,NaN,NaN,NaN,NaN,NaN,NaN,NaN,NaN,NaN,NaN,NaN,NaN,NaN,NaN,NaN,NaN,0.8169,NaN,NaN,NaN,NaN,NaN
jkim0950,NaN,NaN,NaN,NaN,NaN,NaN,NaN,NaN,NaN,NaN,NaN,NaN,NaN,NaN,NaN,NaN,NaN,NaN,NaN,0.3686,NaN,NaN,NaN,NaN,NaN,NaN,NaN,NaN,NaN,NaN
kabynks,NaN,NaN,NaN,NaN,NaN,NaN,NaN,NaN,NaN,NaN,NaN,NaN,NaN,NaN,NaN,NaN,NaN,NaN,NaN,NaN,NaN,NaN,NaN,NaN,NaN,NaN,NaN,0.7262,11.9620,0.5370
kamix08,60.991,0.26607,0.988,NaN,NaN,NaN,NaN,NaN,NaN,NaN,NaN,NaN,NaN,NaN,NaN,NaN,NaN,NaN,NaN,NaN,NaN,NaN,NaN,NaN,NaN,NaN,NaN,NaN,NaN,NaN
kartavyasuryavanshi,NaN,NaN,NaN,NaN,NaN,NaN,NaN,NaN,NaN,NaN,0.71366,0.3200,NaN,NaN,NaN,NaN,NaN,NaN,NaN,NaN,NaN,NaN,NaN,NaN,NaN,NaN,NaN,NaN,NaN,NaN
khadkaa07877,NaN,NaN,NaN,NaN,NaN,NaN,NaN,NaN,NaN,NaN,NaN,NaN,NaN,NaN,NaN,NaN,NaN,NaN,NaN,NaN,NaN,0.5189,NaN,NaN,NaN,NaN,NaN,NaN,NaN,NaN
khorkaijie,NaN,NaN,NaN,NaN,NaN,NaN,NaN,NaN,NaN,NaN,NaN,NaN,NaN,NaN,NaN,NaN,33.2336,NaN,NaN,NaN,NaN,NaN,NaN,NaN,NaN,NaN,NaN,NaN,NaN,NaN
khydyraliyerlan,NaN,NaN,NaN,NaN,NaN,NaN,NaN,NaN,NaN,NaN,NaN,NaN,NaN,NaN,NaN,NaN,NaN,NaN,NaN,NaN,NaN,NaN,NaN,NaN,0.7842,NaN,NaN,NaN,83.3477,0.5086
kimoworwa,0.528,0.69636,0.988,0.7485,0.0502,1.0000,NaN,NaN,NaN,NaN,NaN,NaN,NaN,0.2857,NaN,31.72222,16.0896,0.0053,NaN,NaN,NaN,NaN,NaN,NaN,NaN,NaN,NaN,NaN,NaN,NaN
kipshidze,NaN,NaN,NaN,NaN,NaN,NaN,NaN,NaN,NaN,NaN,NaN,NaN,0.7816,NaN,NaN,NaN,NaN,NaN,NaN,NaN,NaN,NaN,NaN,NaN,NaN,NaN,NaN,NaN,NaN,NaN
labibshahriar,NaN,0.67008,NaN,NaN,NaN,NaN,0.20013,NaN,NaN,NaN,NaN,0.2946,NaN,NaN,NaN,92.16312,32.3512,NaN,0.9885,0.3700,0.59595,NaN,NaN,NaN,0.9174,0.2160,0.0150,NaN,NaN,NaN
lancelotwalter,NaN,NaN,NaN,NaN,NaN,NaN,NaN,NaN,NaN,NaN,NaN,NaN,NaN,NaN,NaN,NaN,NaN,NaN,0.9076,NaN,0.47484,NaN,NaN,NaN,NaN,NaN,NaN,NaN,NaN,NaN
lewy700,NaN,NaN,NaN,NaN,NaN,NaN,NaN,NaN,NaN,NaN,NaN,NaN,0.6551,0.2000,NaN,281.72662,23.9888,NaN,NaN,NaN,NaN,NaN,NaN,NaN,NaN,NaN,NaN,NaN,NaN,NaN
lostnepis,NaN,NaN,NaN,NaN,NaN,NaN,NaN,NaN,NaN,NaN,NaN,NaN,NaN,NaN,NaN,NaN,NaN,NaN,0.5631,NaN,NaN,NaN,NaN,NaN,0.8859,NaN,NaN,NaN,NaN,NaN
luvidialghari,0.068,0.65280,0.909,0.7834,NaN,1.0000,0.87650,0.00869,0.76394,0.4037,0.69338,0.9346,0.7068,0.0857,0.1000,282.52776,44.5136,NaN,NaN,0.1826,0.40968,0.5186,0.1477,0.712,0.8069,0.0874,0.0150,0.6666,15.6984,0.4578
mainen,NaN,NaN,NaN,NaN,NaN,NaN,NaN,NaN,NaN,NaN,NaN,NaN,NaN,NaN,NaN,NaN,NaN,NaN,NaN,0.3632,NaN,0.7454,NaN,NaN,NaN,NaN,NaN,NaN,NaN,NaN
malotesse,NaN,NaN,NaN,NaN,NaN,NaN,NaN,NaN,NaN,NaN,NaN,NaN,NaN,NaN,NaN,NaN,NaN,NaN,0.9885,NaN,0.44447,0.5761,NaN,0.695,NaN,NaN,NaN,NaN,NaN,0.5888
manosfps1pt,NaN,NaN,NaN,NaN,NaN,NaN,NaN,NaN,NaN,NaN,NaN,NaN,NaN,NaN,NaN,NaN,NaN,NaN,NaN,NaN,NaN,NaN,NaN,NaN,NaN,0.0944,0.0150,NaN,NaN,NaN
marinidmorocco,NaN,NaN,NaN,NaN,NaN,NaN,NaN,NaN,NaN,NaN,NaN,NaN,NaN,NaN,NaN,NaN,NaN,NaN,NaN,NaN,NaN,0.4728,NaN,NaN,NaN,NaN,NaN,NaN,NaN,NaN
martindemeulemeester,NaN,NaN,NaN,NaN,NaN,NaN,NaN,NaN,NaN,NaN,NaN,NaN,NaN,NaN,NaN,NaN,NaN,NaN,1.0000,NaN,0.40845,NaN,NaN,NaN,NaN,NaN,NaN,NaN,NaN,NaN
martinzhang5395,NaN,NaN,NaN,NaN,NaN,NaN,NaN,NaN,NaN,NaN,NaN,NaN,NaN,NaN,NaN,NaN,NaN,NaN,NaN,NaN,NaN,0.6621,NaN,0.565,0.7842,0.0940,NaN,NaN,NaN,NaN
maxdeckmyn,NaN,NaN,NaN,NaN,NaN,NaN,NaN,NaN,NaN,NaN,NaN,NaN,NaN,NaN,NaN,NaN,NaN,NaN,NaN,0.3330,0.39929,NaN,NaN,NaN,NaN,NaN,NaN,NaN,NaN,NaN
mbsqgduiyq,0.064,NaN,0.975,NaN,NaN,NaN,NaN,0.01101,NaN,0.4042,0.74215,0.3133,0.8850,0.4571,0.1000,9.03237,23.5596,NaN,NaN,NaN,NaN,NaN,NaN,NaN,NaN,NaN,NaN,NaN,NaN,NaN
mdabdulalhasib,NaN,NaN,NaN,NaN,NaN,NaN,NaN,NaN,NaN,NaN,NaN,NaN,NaN,NaN,NaN,NaN,NaN,NaN,NaN,NaN,NaN,0.6883,NaN,0.583,NaN,NaN,NaN,0.5657,NaN,0.4578
michaelsemenoff,0.011,NaN,NaN,NaN,NaN,NaN,NaN,NaN,NaN,NaN,NaN,NaN,NaN,NaN,NaN,NaN,NaN,NaN,NaN,NaN,NaN,NaN,NaN,NaN,NaN,NaN,NaN,NaN,NaN,NaN
mikeloncaric,NaN,NaN,NaN,NaN,NaN,NaN,NaN,NaN,NaN,NaN,NaN,NaN,NaN,NaN,NaN,NaN,NaN,NaN,NaN,NaN,NaN,NaN,NaN,NaN,NaN,0.0583,NaN,NaN,NaN,NaN
mmmhmmm,NaN,NaN,NaN,NaN,NaN,NaN,NaN,NaN,NaN,NaN,NaN,0.2720,NaN,NaN,NaN,NaN,NaN,NaN,NaN,NaN,NaN,NaN,NaN,NaN,NaN,NaN,NaN,NaN,NaN,NaN
mohamednimaga,NaN,NaN,NaN,NaN,NaN,NaN,NaN,NaN,NaN,NaN,NaN,NaN,NaN,NaN,NaN,NaN,NaN,NaN,NaN,NaN,NaN,NaN,NaN,NaN,0.7842,0.1015,NaN,NaN,NaN,NaN
mohammedkhelifi,NaN,NaN,NaN,NaN,NaN,NaN,NaN,NaN,NaN,NaN,NaN,NaN,NaN,NaN,NaN,NaN,NaN,NaN,NaN,NaN,NaN,0.5376,NaN,0.545,NaN,NaN,NaN,NaN,NaN,NaN
morariutudor,NaN,NaN,NaN,0.0630,NaN,NaN,NaN,NaN,0.21125,NaN,NaN,NaN,NaN,NaN,NaN,NaN,NaN,NaN,NaN,NaN,NaN,NaN,NaN,NaN,NaN,NaN,NaN,NaN,NaN,NaN
moryadamadembele,NaN,NaN,NaN,NaN,NaN,NaN,NaN,NaN,NaN,NaN,NaN,NaN,NaN,NaN,NaN,NaN,NaN,NaN,NaN,NaN,NaN,NaN,NaN,NaN,0.7842,NaN,NaN,NaN,NaN,NaN
moussaadamatoure,NaN,NaN,NaN,NaN,NaN,NaN,NaN,NaN,NaN,NaN,NaN,NaN,NaN,NaN,NaN,NaN,NaN,NaN,NaN,NaN,NaN,NaN,NaN,NaN,NaN,NaN,0.0150,NaN,NaN,NaN
mrdeptrai,NaN,NaN,NaN,NaN,NaN,NaN,NaN,NaN,NaN,NaN,NaN,NaN,NaN,NaN,NaN,NaN,NaN,NaN,NaN,0.4412,NaN,NaN,NaN,NaN,NaN,NaN,NaN,NaN,NaN,NaN
murtazaabdullah2010,NaN,NaN,NaN,NaN,NaN,NaN,NaN,NaN,NaN,NaN,NaN,NaN,NaN,NaN,NaN,3722.27946,42.0891,NaN,0.9793,0.0867,0.61832,0.5388,NaN,0.783,0.9468,NaN,0.0300,NaN,NaN,NaN
nabasaikia,NaN,NaN,NaN,NaN,NaN,NaN,NaN,NaN,NaN,NaN,NaN,NaN,0.4712,NaN,NaN,NaN,NaN,NaN,NaN,NaN,NaN,NaN,NaN,NaN,NaN,NaN,NaN,NaN,NaN,NaN
nairrahnawar,NaN,NaN,NaN,NaN,NaN,NaN,NaN,NaN,NaN,0.4646,NaN,NaN,0.0172,NaN,NaN,947.82963,NaN,0.0722,0.9189,0.2215,0.66050,NaN,NaN,NaN,NaN,NaN,NaN,NaN,NaN,NaN
nawfeelrahman1124444,NaN,NaN,NaN,NaN,NaN,NaN,NaN,NaN,NaN,NaN,0.84215,0.3200,NaN,NaN,NaN,NaN,0.0000,NaN,1.0000,0.4362,0.24365,0.7520,NaN,0.859,0.9280,0.1610,0.0827,0.6631,100.0000,0.5827
nehagopaljha,NaN,NaN,NaN,NaN,NaN,NaN,NaN,NaN,NaN,NaN,NaN,NaN,NaN,NaN,NaN,NaN,NaN,NaN,NaN,NaN,NaN,NaN,NaN,NaN,NaN,NaN,NaN,0.6666,NaN,NaN
nguyendinhbach69,NaN,NaN,NaN,NaN,NaN,NaN,NaN,NaN,NaN,NaN,NaN,NaN,NaN,NaN,NaN,NaN,NaN,NaN,1.0000,0.3862,0.68756,NaN,0.1240,NaN,NaN,NaN,NaN,NaN,NaN,NaN
nikitakuznetsof,NaN,NaN,NaN,NaN,NaN,NaN,NaN,NaN,NaN,NaN,NaN,NaN,NaN,NaN,NaN,NaN,NaN,NaN,0.1795,0.1801,0.26846,0.6150,0.1270,0.643,NaN,NaN,NaN,NaN,NaN,NaN
nilpotent1,NaN,NaN,NaN,NaN,NaN,NaN,NaN,NaN,NaN,NaN,NaN,NaN,NaN,NaN,NaN,NaN,NaN,NaN,NaN,NaN,NaN,NaN,NaN,NaN,NaN,NaN,NaN,NaN,17.0455,0.5634
nina2025,NaN,NaN,NaN,NaN,NaN,NaN,NaN,NaN,NaN,NaN,NaN,0.2946,NaN,NaN,NaN,NaN,NaN,NaN,NaN,NaN,NaN,NaN,NaN,NaN,NaN,NaN,NaN,NaN,NaN,NaN
nishansarker,NaN,NaN,NaN,NaN,NaN,NaN,NaN,NaN,NaN,NaN,NaN,NaN,NaN,NaN,NaN,NaN,NaN,NaN,NaN,NaN,0.43778,NaN,NaN,NaN,NaN,NaN,NaN,NaN,NaN,NaN
noemikr,NaN,NaN,NaN,NaN,NaN,NaN,NaN,NaN,NaN,NaN,NaN,NaN,NaN,NaN,NaN,NaN,NaN,NaN,NaN,NaN,0.31747,NaN,NaN,NaN,NaN,NaN,NaN,NaN,NaN,NaN
oggseggs2,NaN,NaN,NaN,NaN,NaN,NaN,NaN,NaN,NaN,NaN,NaN,NaN,NaN,NaN,NaN,NaN,NaN,NaN,NaN,NaN,0.00000,NaN,NaN,NaN,NaN,NaN,NaN,NaN,NaN,NaN
payaldhokane,NaN,NaN,NaN,NaN,NaN,NaN,NaN,NaN,NaN,NaN,0.70303,0.2946,NaN,NaN,NaN,NaN,NaN,NaN,NaN,NaN,NaN,NaN,NaN,NaN,NaN,NaN,NaN,NaN,NaN,NaN
phongtuanvu,NaN,NaN,NaN,NaN,NaN,NaN,NaN,NaN,NaN,NaN,NaN,NaN,NaN,NaN,NaN,NaN,NaN,NaN,1.0000,NaN,0.69072,NaN,NaN,NaN,NaN,NaN,NaN,NaN,NaN,NaN
popu23,38.804,NaN,NaN,NaN,NaN,NaN,NaN,NaN,NaN,NaN,NaN,NaN,NaN,NaN,NaN,NaN,NaN,NaN,NaN,NaN,NaN,NaN,NaN,NaN,NaN,NaN,NaN,NaN,NaN,NaN
princekmandal,NaN,NaN,NaN,NaN,NaN,NaN,NaN,NaN,0.87056,NaN,NaN,NaN,NaN,NaN,NaN,NaN,NaN,NaN,NaN,NaN,NaN,NaN,NaN,NaN,NaN,NaN,NaN,NaN,NaN,NaN
prvsiyan,NaN,NaN,NaN,NaN,NaN,NaN,NaN,NaN,NaN,NaN,NaN,NaN,NaN,NaN,NaN,NaN,NaN,NaN,NaN,NaN,NaN,NaN,NaN,NaN,0.9518,0.1439,0.0225,NaN,NaN,NaN
radugoga,31.267,NaN,NaN,0.7485,NaN,0.7551,0.85497,NaN,NaN,NaN,NaN,NaN,NaN,NaN,NaN,NaN,NaN,NaN,NaN,NaN,NaN,NaN,NaN,NaN,NaN,NaN,NaN,NaN,NaN,NaN
ratrave,NaN,NaN,NaN,NaN,NaN,NaN,NaN,NaN,NaN,NaN,NaN,NaN,NaN,NaN,NaN,NaN,NaN,NaN,0.8039,NaN,NaN,NaN,NaN,NaN,NaN,NaN,NaN,NaN,NaN,NaN
ritazzzzz,NaN,NaN,NaN,NaN,NaN,NaN,NaN,NaN,NaN,NaN,NaN,NaN,NaN,NaN,NaN,NaN,NaN,NaN,NaN,NaN,NaN,NaN,NaN,NaN,NaN,NaN,NaN,0.6666,NaN,NaN
roczow,NaN,NaN,NaN,NaN,NaN,NaN,NaN,NaN,NaN,NaN,NaN,NaN,NaN,NaN,NaN,NaN,NaN,NaN,NaN,NaN,NaN,NaN,NaN,NaN,0.8946,0.3903,NaN,NaN,NaN,NaN
roxanneagain,0.038,NaN,NaN,NaN,NaN,NaN,NaN,NaN,NaN,NaN,NaN,NaN,NaN,NaN,NaN,NaN,NaN,NaN,NaN,NaN,NaN,NaN,NaN,NaN,NaN,NaN,NaN,NaN,NaN,NaN
sadbkx,NaN,NaN,NaN,NaN,0.0943,NaN,NaN,0.03499,NaN,0.2912,NaN,0.3053,0.8218,0.3714,NaN,NaN,41.8268,NaN,0.3005,NaN,NaN,0.5604,0.0053,NaN,NaN,NaN,NaN,NaN,NaN,NaN
sangampaudel530,NaN,NaN,NaN,NaN,NaN,NaN,NaN,NaN,NaN,NaN,NaN,0.2946,NaN,NaN,NaN,NaN,NaN,NaN,NaN,NaN,NaN,NaN,NaN,NaN,NaN,NaN,NaN,NaN,NaN,NaN
sano2009,NaN,NaN,NaN,NaN,NaN,NaN,NaN,NaN,NaN,NaN,NaN,NaN,NaN,NaN,NaN,NaN,NaN,NaN,NaN,NaN,NaN,0.5318,NaN,NaN,NaN,NaN,NaN,NaN,NaN,NaN
sboraioandavid,4.270,NaN,NaN,NaN,NaN,NaN,NaN,NaN,NaN,NaN,NaN,NaN,NaN,NaN,NaN,NaN,NaN,NaN,NaN,NaN,NaN,NaN,NaN,NaN,NaN,NaN,NaN,NaN,NaN,NaN
sbsstudio,NaN,NaN,NaN,NaN,NaN,NaN,NaN,NaN,NaN,NaN,NaN,NaN,NaN,NaN,NaN,NaN,NaN,NaN,NaN,0.3157,0.45129,NaN,NaN,NaN,NaN,NaN,NaN,NaN,NaN,NaN
sealionnn,NaN,NaN,NaN,NaN,NaN,NaN,NaN,NaN,NaN,NaN,NaN,NaN,NaN,NaN,NaN,NaN,35.3264,NaN,NaN,NaN,NaN,NaN,NaN,NaN,NaN,NaN,NaN,NaN,NaN,NaN
shahporanpriyom,NaN,0.64807,NaN,NaN,NaN,NaN,NaN,NaN,NaN,NaN,NaN,NaN,NaN,NaN,NaN,NaN,NaN,NaN,NaN,NaN,NaN,NaN,NaN,NaN,NaN,NaN,NaN,NaN,NaN,NaN
shes1r,NaN,NaN,NaN,NaN,NaN,NaN,NaN,NaN,NaN,NaN,NaN,NaN,NaN,NaN,NaN,NaN,NaN,NaN,NaN,NaN,NaN,NaN,NaN,NaN,1.0000,0.1514,1.0000,NaN,12.7658,NaN
sofianebouricha,NaN,NaN,NaN,NaN,NaN,NaN,NaN,NaN,NaN,NaN,NaN,NaN,NaN,NaN,NaN,NaN,NaN,NaN,NaN,NaN,NaN,NaN,0.0000,NaN,NaN,NaN,NaN,NaN,NaN,NaN
sponishflea,NaN,NaN,NaN,NaN,NaN,NaN,NaN,NaN,NaN,NaN,NaN,NaN,NaN,NaN,NaN,NaN,NaN,NaN,0.4456,0.3162,NaN,NaN,NaN,NaN,NaN,NaN,NaN,NaN,NaN,NaN
stoicamihneateodor,NaN,NaN,NaN,0.9058,NaN,NaN,NaN,NaN,NaN,NaN,NaN,NaN,NaN,NaN,NaN,NaN,NaN,NaN,NaN,NaN,NaN,NaN,NaN,NaN,NaN,NaN,NaN,NaN,NaN,NaN
svo1488zov,NaN,NaN,NaN,NaN,NaN,NaN,NaN,NaN,NaN,NaN,NaN,NaN,NaN,NaN,NaN,NaN,NaN,NaN,0.0959,NaN,NaN,NaN,NaN,NaN,NaN,NaN,NaN,NaN,NaN,NaN
swanschleret,NaN,NaN,NaN,NaN,NaN,NaN,NaN,NaN,NaN,NaN,NaN,NaN,NaN,NaN,NaN,NaN,NaN,NaN,NaN,0.3821,0.42292,NaN,NaN,NaN,NaN,NaN,NaN,NaN,NaN,NaN
syllly,NaN,NaN,NaN,NaN,NaN,NaN,NaN,NaN,NaN,NaN,NaN,NaN,NaN,NaN,NaN,NaN,NaN,NaN,NaN,0.4239,0.42629,NaN,NaN,NaN,NaN,NaN,NaN,NaN,NaN,NaN
tamerlanomralinov,NaN,NaN,NaN,NaN,NaN,NaN,0.84774,NaN,0.11125,0.4136,0.81740,0.2960,NaN,0.4857,NaN,NaN,NaN,NaN,0.9365,0.3456,NaN,NaN,NaN,NaN,NaN,NaN,NaN,NaN,NaN,NaN
tanzenee,0.104,NaN,NaN,NaN,NaN,NaN,NaN,NaN,NaN,NaN,NaN,NaN,NaN,NaN,NaN,NaN,NaN,NaN,NaN,NaN,NaN,NaN,NaN,NaN,NaN,NaN,NaN,NaN,NaN,NaN
techvio,NaN,NaN,NaN,NaN,NaN,NaN,NaN,NaN,NaN,NaN,NaN,NaN,NaN,NaN,NaN,NaN,NaN,NaN,NaN,NaN,NaN,NaN,NaN,NaN,NaN,0.4976,NaN,NaN,NaN,NaN
teodorhavriliuc,31.268,NaN,NaN,NaN,NaN,NaN,NaN,NaN,NaN,NaN,NaN,NaN,NaN,NaN,NaN,NaN,NaN,NaN,NaN,NaN,NaN,NaN,NaN,NaN,NaN,NaN,NaN,NaN,NaN,NaN
theodoresarras,5.726,NaN,NaN,NaN,NaN,NaN,0.87525,NaN,NaN,NaN,NaN,NaN,NaN,NaN,NaN,NaN,NaN,NaN,NaN,NaN,NaN,NaN,NaN,NaN,NaN,NaN,NaN,NaN,NaN,NaN
thomasety,NaN,NaN,NaN,NaN,NaN,NaN,NaN,NaN,NaN,NaN,NaN,NaN,NaN,NaN,NaN,NaN,NaN,NaN,0.1863,NaN,0.40697,NaN,NaN,NaN,NaN,NaN,NaN,NaN,NaN,NaN
thomasg22202020,1.212,NaN,NaN,NaN,NaN,NaN,NaN,NaN,NaN,NaN,NaN,NaN,NaN,NaN,NaN,NaN,NaN,NaN,NaN,0.1774,0.60113,NaN,NaN,NaN,NaN,NaN,NaN,NaN,NaN,NaN
thomaspignol,NaN,NaN,NaN,NaN,NaN,NaN,NaN,NaN,NaN,NaN,NaN,NaN,NaN,NaN,NaN,NaN,NaN,NaN,NaN,NaN,0.52674,NaN,NaN,NaN,NaN,NaN,NaN,NaN,NaN,NaN
thoott,NaN,NaN,NaN,NaN,NaN,NaN,NaN,NaN,NaN,NaN,NaN,NaN,NaN,NaN,NaN,NaN,NaN,NaN,0.8971,NaN,0.43217,NaN,NaN,NaN,NaN,NaN,NaN,NaN,NaN,NaN
timmor,0.336,0.73221,0.988,NaN,NaN,NaN,NaN,NaN,NaN,NaN,NaN,NaN,NaN,NaN,NaN,NaN,NaN,NaN,NaN,NaN,NaN,NaN,NaN,NaN,NaN,NaN,NaN,NaN,NaN,NaN
tomaszzmuda,0.220,0.21353,NaN,NaN,NaN,NaN,NaN,NaN,NaN,NaN,NaN,NaN,NaN,NaN,NaN,NaN,NaN,NaN,0.8417,NaN,NaN,NaN,NaN,NaN,NaN,NaN,NaN,NaN,NaN,NaN
tomatoet,NaN,NaN,NaN,NaN,NaN,NaN,NaN,NaN,NaN,NaN,NaN,0.2186,NaN,NaN,NaN,NaN,NaN,NaN,NaN,0.4240,NaN,NaN,NaN,NaN,NaN,NaN,NaN,NaN,NaN,NaN
trisanudas,NaN,NaN,NaN,NaN,NaN,NaN,NaN,NaN,NaN,NaN,NaN,NaN,NaN,NaN,NaN,368.22676,14.9136,0.0953,NaN,NaN,NaN,0.6559,NaN,0.789,NaN,NaN,NaN,NaN,NaN,NaN
tsengeg,0.138,0.37142,NaN,NaN,NaN,NaN,NaN,NaN,NaN,NaN,NaN,NaN,NaN,NaN,NaN,NaN,NaN,NaN,NaN,NaN,NaN,NaN,NaN,NaN,NaN,NaN,NaN,NaN,NaN,NaN
valeriuarbore,10.460,NaN,NaN,NaN,NaN,NaN,NaN,NaN,NaN,NaN,NaN,NaN,NaN,NaN,NaN,NaN,NaN,NaN,NaN,NaN,NaN,NaN,NaN,NaN,NaN,NaN,NaN,NaN,NaN,NaN
velislav76,21.853,NaN,NaN,NaN,NaN,NaN,NaN,NaN,NaN,NaN,NaN,NaN,NaN,NaN,NaN,NaN,NaN,NaN,NaN,NaN,NaN,NaN,NaN,NaN,NaN,NaN,NaN,NaN,NaN,NaN
waiwxtreme,59.233,NaN,NaN,NaN,NaN,NaN,NaN,NaN,NaN,NaN,NaN,NaN,NaN,NaN,NaN,NaN,NaN,NaN,NaN,NaN,NaN,NaN,NaN,NaN,NaN,NaN,NaN,NaN,NaN,NaN
yanislou,NaN,NaN,NaN,NaN,NaN,NaN,NaN,NaN,NaN,NaN,NaN,NaN,NaN,NaN,NaN,NaN,NaN,NaN,NaN,NaN,NaN,NaN,0.5810,NaN,NaN,NaN,NaN,NaN,NaN,NaN
yaseenhossam2012,NaN,NaN,NaN,NaN,NaN,NaN,NaN,NaN,NaN,NaN,NaN,NaN,NaN,NaN,NaN,NaN,NaN,NaN,NaN,NaN,NaN,NaN,NaN,NaN,NaN,NaN,0.0075,NaN,NaN,NaN
yassinrap,NaN,NaN,NaN,NaN,NaN,NaN,NaN,NaN,NaN,NaN,NaN,NaN,NaN,NaN,NaN,NaN,NaN,NaN,NaN,NaN,NaN,NaN,NaN,NaN,NaN,0.0874,NaN,NaN,NaN,NaN
yntykbay,NaN,NaN,NaN,NaN,NaN,NaN,NaN,NaN,NaN,NaN,NaN,NaN,NaN,NaN,NaN,NaN,NaN,NaN,NaN,NaN,NaN,0.5661,0.1628,NaN,NaN,NaN,NaN,NaN,NaN,NaN
yuxuanlow013,NaN,NaN,NaN,0.9498,NaN,NaN,1.00000,0.00670,0.90340,NaN,0.74915,0.2386,0.7586,0.5714,0.1740,NaN,NaN,NaN,0.9885,0.3558,0.56169,0.8156,0.6785,0.729,0.9134,NaN,NaN,NaN,NaN,NaN
zanekumar,NaN,NaN,NaN,NaN,NaN,NaN,NaN,NaN,NaN,NaN,NaN,NaN,NaN,NaN,NaN,NaN,NaN,NaN,NaN,NaN,NaN,NaN,NaN,NaN,NaN,NaN,NaN,NaN,94.5833,NaN
zaouiyassine,NaN,NaN,NaN,NaN,NaN,NaN,NaN,NaN,NaN,NaN,NaN,NaN,NaN,NaN,NaN,NaN,NaN,NaN,NaN,NaN,NaN,NaN,0.5155,NaN,NaN,NaN,NaN,NaN,NaN,NaN
zenbcnothappening,NaN,NaN,NaN,NaN,NaN,NaN,NaN,NaN,NaN,NaN,NaN,NaN,NaN,NaN,NaN,NaN,NaN,NaN,0.9690,NaN,0.59500,NaN,NaN,NaN,0.9087,0.5619,NaN,NaN,NaN,NaN
zobayerabdullah,NaN,NaN,NaN,NaN,NaN,NaN,NaN,NaN,NaN,NaN,NaN,NaN,NaN,NaN,NaN,NaN,NaN,NaN,NaN,NaN,NaN,NaN,NaN,NaN,NaN,0.0980,NaN,NaN,NaN,NaN
zoli800,NaN,NaN,NaN,NaN,NaN,NaN,NaN,NaN,NaN,NaN,NaN,NaN,NaN,NaN,NaN,NaN,NaN,NaN,NaN,NaN,NaN,0.9650,NaN,NaN,NaN,0.6994,NaN,NaN,NaN,NaN
